自定义,拔刀剑 (Slash Blade),purple,custom_dios,named/dios/dios,named/dios/dios
刚剑「胴田贯」,拔刀剑 (Slash Blade),purple,flammpfeil.slashblade.named.doutanuki,named/muramasa/muramasa,named/muramasa/doutanuki
狐月刀「黑狐」,拔刀剑 (Slash Blade),purple,flammpfeil.slashblade.named.fox.black,named/sange/sange,named/sange/black
狐月刀「白狐」,拔刀剑 (Slash Blade),purple,flammpfeil.slashblade.named.fox.white,named/sange/sange,named/sange/white
枯石大刀,拔刀剑 (Slash Blade),purple,flammpfeil.slashblade.named.koseki,named/dios/dios,named/dios/koseki
「千鹤」村正,拔刀剑 (Slash Blade),purple,flammpfeil.slashblade.named.muramasa,named/muramasa/muramasa,named/muramasa/muramasa
大蛇鄂门,拔刀剑 (Slash Blade),purple,flammpfeil.slashblade.named.orotiagito,named/agito,named/orotiagito
鄂门(锈),拔刀剑 (Slash Blade),purple,flammpfeil.slashblade.named.orotiagito.rust,named/agito,named/agito_rust_true
鄂门(锈),拔刀剑 (Slash Blade),purple,flammpfeil.slashblade.named.agito.rust,named/agito,named/agito_rust
鄂门,拔刀剑 (Slash Blade),purple,flammpfeil.slashblade.named.orotiagito.seald,named/agito,named/agito_true
鄂门,拔刀剑 (Slash Blade),purple,flammpfeil.slashblade.named.agito,named/agito,named/agito_false
锈刀,拔刀剑 (Slash Blade),purple,flammpfeil.slashblade.named.sabigatana,named/muramasa/muramasa,named/muramasa/sabigatana
散华,拔刀剑 (Slash Blade),purple,flammpfeil.slashblade.named.sange,named/sange/sange,named/sange/sange
魔剑「阎魔刀」,拔刀剑 (Slash Blade),purple,flammpfeil.slashblade.named.yamato,named/yamato,named/yamato
折断的阎魔刀,拔刀剑 (Slash Blade),purple,flammpfeil.slashblade.named.yamato.broken,named/yamato,named/yamato
夜叉,拔刀剑 (Slash Blade),purple,flammpfeil.slashblade.named.yashatrue,named/yasha/yashaTrue,named/yasha/yasha
夜叉,拔刀剑 (Slash Blade),purple,flammpfeil.slashblade.named.yasha,named/yasha/yasha,named/yasha/yasha
结月刀「付丧」,拔刀剑 (Slash Blade),purple,flammpfeil.slashblade.named.yuzukitukumo,named/agito,named/a_tukumo
木刀「铁刀木」,拔刀剑 (Slash Blade),purple,flammpfeil.slashblade.named.tagayasan,blade,named/tagayasan
名刀「金刚」露台,拔刀剑 (Slash Blade),purple,wrap.reforged.diamond_katana,blade,BalkonDiamond
宝刀「山吹」露台,拔刀剑 (Slash Blade),purple,wrap.reforged.golden_katana,blade,BalkonGold
利刀「铁」露台,拔刀剑 (Slash Blade),purple,wrap.reforged.iron_katana,blade,BalkonIron
「锐岩」露台,拔刀剑 (Slash Blade),purple,wrap.reforged.stone_katana,blade,BalkonStone
「击柝」露台,拔刀剑 (Slash Blade),purple,wrap.reforged.wooden_katana,blade,BalkonWood
利刀「无名」红玉,拔刀剑 (Slash Blade),purple,wrap.BambooMod.katana,blade,BambooKatana
妖刀「红樱」,拔刀剑 (Slash Blade),purple,flammpfeil.slashblade.named.crimsoncherry,named/nihil/nihil,named/nihil/crimsoncherry
妖刀「似蛭」,拔刀剑 (Slash Blade),purple,flammpfeil.slashblade.named.nihil,named/nihil/nihil,named/nihil/nihil
炼狱刀「死念」,拔刀剑 (Slash Blade),purple,flammpfeil.slashblade.named.nihilbx,named/nihil/nihil,named/nihil/nihil_bx
血刀「似蛭」,拔刀剑 (Slash Blade),purple,flammpfeil.slashblade.named.nihilex,named/nihil/nihil,named/nihil/nihilex
狱刀「似蛭」,拔刀剑 (Slash Blade),purple,flammpfeil.slashblade.named.nihilul,named/nihil/nihil,named/nihil/nihilul
暗鸦,拔刀剑 (Slash Blade),purple,flammpfeil.slashblade.named.darkraven,named/darkraven/darkraven,named/darkraven/darkraven
雪鸦,拔刀剑 (Slash Blade),purple,flammpfeil.slashblade.named.snowcrow,named/darkraven/snowcrow,named/darkraven/snowcrow
荧光,拔刀剑 (Slash Blade),purple,flammpfeil.slashblade.named.fluorescentbar,named/fluorescentbar/fluorescentbar,named/fluorescentbar/fluorescentbar
冻樱刃「雪花苍月」,拔刀剑 (Slash Blade),purple,flammpfeil.slashblade.named.frostwolfa,named/frostwolf/frostwolfa,named/frostwolf/frostwolfa
明兽刃「阳牙冰狼」,拔刀剑 (Slash Blade),purple,flammpfeil.slashblade.named.frostwolfb,named/frostwolf/frostwolfb,named/frostwolf/frostwolfb
神威刀「虎杖丸」,拔刀剑 (Slash Blade),purple,flammpfeil.slashblade.named.kamuy.base,named/kamuy/kamuy,named/kamuy/kamuy
神威刀「阿贝」,拔刀剑 (Slash Blade),purple,flammpfeil.slashblade.named.kamuy.fire,named/kamuy/kamuy,named/kamuy/fire
神威刀「坎那」,拔刀剑 (Slash Blade),purple,flammpfeil.slashblade.named.kamuy.lightning,named/kamuy/kamuy,named/kamuy/lightning
神威刀「乌卡」,拔刀剑 (Slash Blade),purple,flammpfeil.slashblade.named.kamuy.water,named/kamuy/kamuy,named/kamuy/water
无神「无刃」,拔刀剑 (Slash Blade),purple,flammpfeil.slashblade.named.kirisaya,named/kirisaya/kirisaya,named/kirisaya/kirisaya
幻魔炼金,拔刀剑 (Slash Blade),purple,flammpfeil.slashblade.named.laemmle,named/laemmle/blade,named/laemmle/lem
「千鹤」村雨,拔刀剑 (Slash Blade),purple,flammpfeil.slashblade.named.murasamablade,named/murasamablade/murasama,named/murasamablade/murasama
侍月刀「炎水薄斩」,拔刀剑 (Slash Blade),purple,flammpfeil.slashblade.named.blademaster.aquablaze,named/blademaster/blademaster,named/blademaster/aquablaze
圣幸刀「绿乃雾」,拔刀剑 (Slash Blade),purple,flammpfeil.slashblade.named.blademaster.greenmist,named/blademaster/blademaster,named/blademaster/greenmist
月光樱「吹雪一闪」,拔刀剑 (Slash Blade),purple,flammpfeil.slashblade.named.blademaster.moonlightcherry,named/blademaster/blademaster,named/blademaster/moonlightcherry
洞爷湖,拔刀剑 (Slash Blade),purple,flammpfeil.slashblade.named.toyako,named/toyako/toyako,named/toyako/toyako
「风来之剑」,拔刀剑 (Slash Blade),purple,flammpfeil.slashblade.named.wanderer,named/wanderer/wanderer,named/wanderer/wanderer
「风来之械刃」,拔刀剑 (Slash Blade),purple,flammpfeil.slashblade.named.wanderer,named/wanderer/wanderer,named/wanderer/wanderer
龙太刀「噬风者」,拔刀剑 (Slash Blade),purple,flammpfeil.slashblade.named.windeater,zephyr/model,zephyr/tex
龙太刀「西风」,拔刀剑 (Slash Blade),purple,flammpfeil.slashblade.zephyr,zephyr/model,zephyr/tex
刀,拔刀剑 (Slash Blade),purple,wrap.Wa.katana,wa/model,wa/waA
太刀,拔刀剑 (Slash Blade),purple,wrap.Wa.tachi,wa/model,wa/waB
大地之刃,拔刀剑 (Slash Blade),purple,flammpfeil.slashblade.named.terra,named/terra/terra,named/terra/terra
型月刀「空之境界」,拔刀剑 (Slash Blade),purple,flammpfeil.slashblade.named.tboen,named/tboen/model,named/tboen/texture
结月刀「因缘」,拔刀剑 (Slash Blade),purple,flammpfeil.slashblade.named.yukari,named/yukari/model,named/yukari/texture
大太刀「」,拔刀剑 (Slash Blade),purple,flammpfeil.slashblade.named.murakumo,,
无铭刀「木偶」,拔刀剑 (Slash Blade),purple,flammpfeil.slashblade.wood,blade,wood
无铭刀「竹光」,拔刀剑 (Slash Blade),purple,flammpfeil.slashblade.bamboo,blade,banboo
名刀「银纸竹光」,拔刀剑 (Slash Blade),purple,flammpfeil.slashblade.silverbamboo,blade,silverbanboo
利刀「白鞘」,拔刀剑 (Slash Blade),purple,flammpfeil.slashblade.white,blade,white
山樱「葵」,最后的太刀匠人 v2.1.6+,purple,flammpfeil.slashblade.named.yamazakura.aoi,named/yamazakura/model,named/yamazakura/yamazakura_aoi
山樱文月,最后的太刀匠人 v2.1.6+,purple,flammpfeil.slashblade.named.yamazakura.fumizuki,named/yamazakura/fumizuki,named/yamazakura/yamazakura_fumizuki
山樱叶月,最后的太刀匠人 v2.1.6+,purple,flammpfeil.slashblade.named.yamazakura.hazuki,named/yamazakura/model,named/yamazakura/yamazakura_hazuki
山樱睦月「松」,最后的太刀匠人 v2.1.6+,purple,flammpfeil.slashblade.named.yamazakura.kadomatsu,named/yamazakura/model,named/yamazakura/yamazakura_kadomatsu
山樱神无月「枫」,最后的太刀匠人 v2.1.6+,purple,flammpfeil.slashblade.named.yamazakura.kannazuki,named/yamazakura/kannazuki,named/yamazakura/yamazakura_kannazuki
山樱长月「菊」,最后的太刀匠人 v2.1.6+,purple,flammpfeil.slashblade.named.yamazakura.kiku,named/yamazakura/model,named/yamazakura/yamazakura_kiku
山樱「水无月」,最后的太刀匠人 v2.1.6+,purple,flammpfeil.slashblade.named.yamazakura.minazuki,named/yamazakura/model,named/yamazakura/yamazakura_minazuki
山樱弥生「樱」,最后的太刀匠人 v2.1.6+,purple,flammpfeil.slashblade.named.yamazakura.sakura,named/yamazakura/model,named/yamazakura/yamazakura_sakura
山樱皋月,最后的太刀匠人 v2.1.6+,purple,flammpfeil.slashblade.named.yamazakura.satsuki,named/yamazakura/satsuki,named/yamazakura/yamazakura_satsuki
山樱霜月,最后的太刀匠人 v2.1.6+,purple,flammpfeil.slashblade.named.yamazakura.shimotsuki,named/yamazakura/shimotsuki,named/yamazakura/yamazakura_shimotsuki
山樱「师走」,最后的太刀匠人 v2.1.6+,purple,flammpfeil.slashblade.named.yamazakura.shiwasu,named/yamazakura/model,named/yamazakura/yamazakura_shiwasu
山樱「神月」,最后的太刀匠人 v2.1.6+,purple,flammpfeil.slashblade.named.yamazakura.kamuy,named/yamazakura/model,named/yamazakura/yamazakura_kamuy
山樱如月「梅」,最后的太刀匠人 v2.1.6+,purple,flammpfeil.slashblade.named.yamazakura.ume,named/yamazakura/model,named/yamazakura/yamazakura_ume
山樱卯月,最后的太刀匠人 v2.1.6+,purple,flammpfeil.slashblade.named.yamazakura.uzuki,named/yamazakura/uzuki,named/yamazakura/yamazakura_uzuki
伪物「葵」,最后的太刀匠人 v2.1.6+,purple,flammpfeil.slashblade.named.yamazakura.aoi_fake,named/yamazakura/model_fake,named/yamazakura/yamazakura_yayoi_sakura
名刀「亡者」,最后的太刀匠人 v2.1.6+,purple,flammpfeil.slashblade.named.scorn_sealed,named/scorn/model,named/scorn/texture_0
伪物「亡者」,最后的太刀匠人 v2.1.6+,purple,flammpfeil.slashblade.named.scorn_rust,named/scorn/model,named/scorn/texture_1
「镇魂曲」,最后的太刀匠人 v2.1.6+,purple,flammpfeil.slashblade.named.scorn,named/scorn/model,named/scorn/texture
「隐者之竹光」,最后的太刀匠人 v2.1.6+,purple,flammpfeil.slashblade.named.bamboolight_recluse,blade,named/bamboolight/bamboo_top
上品「银纸竹光」,最后的太刀匠人 v2.1.6+,purple,flammpfeil.slashblade.named.silverbamboolight_top,blade,named/bamboolight/silverbamboo_top
「血纸竹光」,最后的太刀匠人 v2.1.6+,purple,flammpfeil.slashblade.named.silverbamboolight_blood,blade,named/bamboolight/silverbamboo_blood
不死斩「拜泪」,最后的太刀匠人 v2.1.6+,purple,flammpfeil.slashblade.named.fushikiri,named/sekiro/fushigiri,named/sekiro/fushigiri
名刀「a丸」,最后的太刀匠人 v2.1.6+,purple,flammpfeil.slashblade.named.kusabimaru,named/sekiro/kusabimaru,named/sekiro/kusabimaru
天云「无念」,最后的太刀匠人 v2.1.6+,purple,flammpfeil.slashblade.named.smith.final,named/smith/model,named/smith/texture_final
天云「残云」,最后的太刀匠人 v2.1.6+,purple,flammpfeil.slashblade.named.amagumo.cloud,named/agito,named/smith/texture_cloud
天云「速风」,最后的太刀匠人 v2.1.6+,purple,flammpfeil.slashblade.named.amagumo.wind,named/smith/model,named/smith/texture_wind
文始,最后的太刀匠人 v2.1.6+,purple,flammpfeil.slashblade.named.roukan_tech,named/rf_roukan/model,named/rf_roukan/texture
「千兆」,最后的太刀匠人 v2.1.6+,purple,flammpfeil.slashblade.named.thousand,named/thousand/model_on,named/thousand/texture
名刀「观楼剑」,最后的太刀匠人 v2.1.6+,purple,flammpfeil.slashblade.named.kanrou,named/roukan/model,named/roukan/texture_fake_0
「楼观剑」,最后的太刀匠人 v2.1.6+,purple,flammpfeil.slashblade.named.roukan,named/roukan/model,named/roukan/texture
「白楼剑」,最后的太刀匠人 v2.1.6+,purple,flammpfeil.slashblade.named.hakurou,named/hakurou/model,named/hakurou/texture
狱界剑「楼观剑」,最后的太刀匠人 v2.1.6+,purple,flammpfeil.slashblade.named.roukan_nether,named/roukan/model,named/roukan/texture_tx
狱界剑「白楼剑」,最后的太刀匠人 v2.1.6+,purple,flammpfeil.slashblade.named.hakurou_nether,named/hakurou/model,named/hakurou/texture_tx
伪物「白楼剑」,最后的太刀匠人 v2.1.6+,purple,flammpfeil.slashblade.named.hakurou_fake,named/hakurou/model,named/hakurou/texture
伪物「观楼剑」,最后的太刀匠人 v2.1.6+,purple,flammpfeil.slashblade.named.kanrou_fake,named/roukan/model,named/roukan/texture_fake
「楼观旋风刃」,最后的太刀匠人 v2.1.6+,purple,flammpfeil.slashblade.named.roukan_xf,named/roukan/model,named/roukan/texture_xf
「白楼旋风刃」,最后的太刀匠人 v2.1.6+,purple,flammpfeil.slashblade.named.hakurou_xf,named/hakurou/model,named/hakurou/texture_xf
纳米太刀,最后的太刀匠人 v2.1.6+,purple,flammpfeil.slashblade.named.nanosaber,named/nanosaber/model,named/nanosaber/texture
量子太刀,最后的太刀匠人 v2.1.6+,purple,flammpfeil.slashblade.named.quantumsaber,named/nanosaber/model,named/nanosaber/texture_1
「樱剪」,最后的太刀匠人 v2.1.6+,purple,flammpfeil.slashblade.named.roukan_bot,named/bot_roukan/model,named/bot_roukan/texture
驱魔刃「樱」,最后的太刀匠人 v2.1.6+,purple,flammpfeil.slashblade.named.sakura,named/sakura/model,named/sakura/texture
驱魔刃「杏」,最后的太刀匠人 v2.1.6+,purple,flammpfeil.slashblade.named.ginkgo,named/sakura/model,named/sakura/texture_1
驱魔刃「雪影」,最后的太刀匠人 v2.1.6+,purple,flammpfeil.slashblade.named.yukikage,named/sakura/model,named/sakura/texture_2
邪魔刃「双」,最后的太刀匠人 v2.1.6+,purple,flammpfeil.slashblade.named.kataware,named/sakura/model,named/sakura/texture_3
邪魔刃「修罗」,最后的太刀匠人 v2.1.6+,purple,flammpfeil.slashblade.named.shura,named/sakura/model,named/sakura/texture_4
名刀「将军木」,最后的太刀匠人 v2.1.6+,purple,flammpfeil.slashblade.named.sagequoia,named/sagequoia/model,named/sagequoia/texture
利刀「苍梅」,最后的太刀匠人 v2.1.6+,purple,SlashBladeTemplate.blue,wa/model,wa/template
斑鸠之刃,最后的太刀匠人 v2.1.6+,purple,flammpfeil.slashblade.named.ikaruga,named/ikaruga/model,named/ikaruga/texture
天云「寒齿」,最后的太刀匠人 v2.1.6+,purple,flammpfeil.slashblade.named.mmf.zheng,named/smith/model,named/arthurs/texture_zheng
「梨木利亚」,最后的太刀匠人 v2.1.6+,purple,flammpfeil.slashblade.named.mmf.limuness,named/arthurs/model_pear,named/arthurs/texture_pear
渝州「长清」,最后的太刀匠人 v2.1.6+,purple,flammpfeil.slashblade.named.mmf.r_liu,named/arthurs/model_0,named/arthurs/texture_0
无铭「影狐」,最后的太刀匠人 v2.1.6+,purple,flammpfeil.slashblade.named.mmf.fox,named/arthurs/model_fox,named/arthurs/texture_fox
「V.V.V.V.V.」,最后的太刀匠人 v2.1.6+,purple,flammpfeil.slashblade.named.mmf.nethop,named/arthurs/model_grand,named/arthurs/texture_grand
「祭钢刃」,最后的太刀匠人 v2.1.6+,purple,flammpfeil.slashblade.named.mmf.lrsoft,named/arthurs/model_irsort,named/arthurs/texture_irsoft
日耀剑「光日」,最后的太刀匠人 v2.1.6+,purple,flammpfeil.slashblade.named.mmf.tartaric_acid,named/sange/sange,named/arthurs/texture_943
平庸「斗刀」,最后的太刀匠人 v2.1.6+,purple,flammpfeil.slashblade.named.kogawa_normal,named/namedblade/model,named/namedblade/texture_normal
名刀「斗刀」,最后的太刀匠人 v2.1.6+,purple,flammpfeil.slashblade.named.kogawa_rare,named/namedblade/model,named/namedblade/texture_rare
斗刀「孤独」,最后的太刀匠人 v2.1.6+,purple,flammpfeil.slashblade.named.kogawa_super,named/namedblade/model,named/namedblade/texture_super
「伊布之刃」,最后的太刀匠人 v2.1.6+,purple,flammpfeil.slashblade.named.eievui,named/eievui/model,named/eievui/texture
自锻刀「神秘」,最后的太刀匠人 v2.1.6+,purple,lastsmith.handmade_thaum,named/yasha/yasha,handmade/white_thaum
自锻刀「虚空」,最后的太刀匠人 v2.1.6+,purple,lastsmith.handmade_void,named/yasha/yasha,handmade/white_void
朴素,最后的太刀匠人 v2.1.6+,purple,lastsmith.handmade_saya_0,named/smith/model,handmade/sheath_0_wood
落英,最后的太刀匠人 v2.1.6+,purple,lastsmith.handmade_saya_1,named/smith/model,handmade/sheath_1_wood
三雷,最后的太刀匠人 v2.1.6+,purple,lastsmith.handmade_saya_2,named/smith/model,handmade/sheath_2_wood
神秘要塞日本刀,最后的太刀匠人 v2.1.6+,purple,flammpfeil.slashblade.named.fortress.thaumium,named/smith/model,named/thaum/texture_thaumium
虚空要塞日本刀,最后的太刀匠人 v2.1.6+,purple,flammpfeil.slashblade.named.fortress.void,named/smith/model,named/thaum/texture_voidmetal
风雷要塞日本刀,最后的太刀匠人 v2.1.6+,purple,flammpfeil.slashblade.named.fortress.elemental,named/smith/model,named/thaum/texture_elemental
血腥要塞日本刀,最后的太刀匠人 v2.1.6+,purple,flammpfeil.slashblade.named.fortress.crimson,named/smith/model,named/thaum/texture_crimson
「要塞」神秘,最后的太刀匠人 v2.1.6+,purple,flammpfeil.slashblade.named.fortress.thaumium.update,named/smith/model,named/thaum/texture_thaumium_update
「要塞」虚无,最后的太刀匠人 v2.1.6+,purple,flammpfeil.slashblade.named.fortress.void.update,named/smith/model,named/thaum/texture_voidmetal_update
「要塞」风雷,最后的太刀匠人 v2.1.6+,purple,flammpfeil.slashblade.named.fortress.elemental.update,named/smith/model,named/thaum/texture_elemental_update
「要塞」血红,最后的太刀匠人 v2.1.6+,purple,flammpfeil.slashblade.named.fortress.crimson.update,named/smith/model,named/thaum/texture_crimson_update
自锻刀「红钢」,最后的太刀匠人 v2.1.6+,purple,flammpfeil.slashblade.handmade.red_steel,named/smith/model,handmade/sheath_1_red_steel
自锻刀「蓝钢」,最后的太刀匠人 v2.1.6+,purple,flammpfeil.slashblade.handmade.blue_steel,named/smith/model,handmade/sheath_1_blue_steel
阿尔忒弥斯「影月」,尼格洛兹 (NegoreRouse),purple,moflop.slashblade.artemis,named/negorerouse/artemis,named/negorerouse/artemis
海格力斯「闪耀之星」,尼格洛兹 (NegoreRouse),purple,moflop.slashblade.hercules,named/negorerouse/hercules,named/negorerouse/hercules
尼尔「永恒旋转之枪」,尼格洛兹 (NegoreRouse),purple,moflop.slashblade.nier,named/negorerouse/nier,named/negorerouse/nier
伊恩「永恒时光之轮 ・ 永劫根源魔枪」,尼格洛兹 (NegoreRouse),purple,moflop.slashblade.chronos,named/negorerouse/chronos,named/negorerouse/chronos
厄瑞波斯「永黯沉寂」,尼格洛兹 (NegoreRouse),purple,moflop.slashblade.erebus,named/negorerouse/erebus,named/negorerouse/erebus
柯罗诺斯「永境之主」,尼格洛兹 (NegoreRouse),purple,moflop.slashblade.chronosn,named/negorerouse/chronosn,named/negorerouse/chronosn
普洛托革诺伊「始源」,尼格洛兹 (NegoreRouse),purple,moflop.slashblade.protogenoi,named/negorerouse/protogenoi,named/negorerouse/protogenoi
村雨丸,犬仕双刃 (Housamo),red,housamo.blade.murasabimaru,housamo/model,housamo/murasamemaru
村锖丸,犬仕双刃 (Housamo),red,housamo.blade.murasamemaru,housamo/model,housamo/murasabimaru
妖刀「神狐」,御神刀 (Kitsunekamuya),red,kitsunekamuya.blade.kitsunekamuya,kitsunekamuya/model,kitsunekamuya/texture
木鞘「神狐」,御神刀 (Kitsunekamuya),red,kitsunekamuya.blade.shirokitsunekamuya,shirokitsunekamuya/model,shirokitsunekamuya/texture
锈迹斑斑的刀,御神刀 (Kitsunekamuya),red,kitsunekamuya.blade.sabigakitsunekamuya,sabigakitsunekamuya/model,sabigakitsunekamuya/texture
木鞘「刃条」,御神刀 (Kitsunekamuya),red,kitsunekamuya.blade.tobikitsunekamuya,tobikitsunekamuya/model,tobikitsunekamuya/texture
御神刀「神狐」,御神刀 (Kitsunekamuya),red,kitsunekamuya.blade.ofudakitsunekamuya,ofudakitsunekamuya/model,ofudakitsunekamuya/texture
「魔刀千刃」,魔刀千刃 (Slashblade-Qian),red,qian.blade.qian,qian/model,qian/texture
狱刀「死念」赝,炼狱刀 (ShinkuOfuda),red,shinkuofuda.blade.nihilexfake,shinkuofuda/nihilexfake/model,shinkuofuda/nihilexfake/texture
炼狱刀「真红」,炼狱刀 (ShinkuOfuda),red,shinkuofuda.blade.shinku,shinkuofuda/shinku/model,shinkuofuda/shinku/texture
小太刀「小金兔」,暮色森林附属包 (Twilight Tsuki),red,twilighttsuki.blade.usagi,twilighttsuki/blade/kodachi/usagi/usagi,twilighttsuki/blade/kodachi/usagi/usagi
小太刀「小鸟丸」,暮色森林附属包 (Twilight Tsuki),red,twilighttsuki.blade.suzume,twilighttsuki/blade/kodachi/suzume/suzume,twilighttsuki/blade/kodachi/suzume/suzume
小太刀「D夜子」,暮色森林附属包 (Twilight Tsuki),red,twilighttsuki.blade.sakuya,twilighttsuki/blade/kodachi/sakuya/sakuya,twilighttsuki/blade/kodachi/sakuya/sakuya
小太刀「落华」,暮色森林附属包 (Twilight Tsuki),red,twilighttsuki.blade.kuruhana,twilighttsuki/blade/kodachi/kuruhana/kuruhana,twilighttsuki/blade/kodachi/kuruhana/kuruhana
小太刀「」,暮色森林附属包 (Twilight Tsuki),red,twilighttsuki.blade.kodachi,twilighttsuki/blade/kodachi/kuruhana/kuruhana,twilighttsuki/blade/kodachi/kodachi0
太刀「左伊多津万」,暮色森林附属包 (Twilight Tsuki),red,twilighttsuki.blade.saitaduma,twilighttsuki/blade/tachi/saitaduma/saitaduma,twilighttsuki/blade/tachi/saitaduma/saitaduma
「密陀僧」,暮色森林附属包 (Twilight Tsuki),red,twilighttsuki.blade.mitsudasou,twilighttsuki/blade/tachi/mitsudasou/mitsudasou,twilighttsuki/blade/tachi/mitsudasou/mitsudasou
龙剑「行草俱利伽罗刻」,暮色森林附属包 (Twilight Tsuki),red,twilighttsuki.blade.kurikara,twilighttsuki/blade/tachi/kurikara/kurikara,twilighttsuki/blade/tachi/kurikara/kurikara
曙色斩月,暮色森林附属包 (Twilight Tsuki),red,twilighttsuki.blade.zangetsu,twilighttsuki/blade/tachi/zangetsu/zangetsu,twilighttsuki/blade/tachi/zangetsu/zangetsu
落樱何思,暮色森林附属包 (Twilight Tsuki),red,twilighttsuki.blade.hananichi,twilighttsuki/blade/tachi/hananichi/hananichi,twilighttsuki/blade/tachi/hananichi/hananichi
「鹿丸」,暮色森林附属包 (Twilight Tsuki),red,twilighttsuki.blade.shikamaru,twilighttsuki/blade/tachi/shikamaru/shikamaru,twilighttsuki/blade/tachi/shikamaru/shikamaru
「罗盘草」,暮色森林附属包 (Twilight Tsuki),red,twilighttsuki.blade.silphium,twilighttsuki/blade/tachi/silphium/silphium,twilighttsuki/blade/tachi/silphium/silphium
「暮雨」正宗,暮色森林附属包 (Twilight Tsuki),red,twilighttsuki.blade.kurasame,twilighttsuki/blade/tachi/kurasame/kurasame,twilighttsuki/blade/tachi/kurasame/kurasame
一斥染「甚三红」,暮色森林附属包 (Twilight Tsuki),red,twilighttsuki.blade.ikkonzome,twilighttsuki/blade/tachi/ikkonzome/ikkonzome,twilighttsuki/blade/tachi/ikkonzome/ikkonzome
太刀「花绀青伽罗」独钴,暮色森林附属包 (Twilight Tsuki),red,twilighttsuki.blade.vajra,twilighttsuki/blade/tachi/vajra/vajra,twilighttsuki/blade/tachi/vajra/vajra
炎刀「炽铁」露台,暮色森林附属包 (Twilight Tsuki),red,twilighttsuki.tfblade.fiery,blade,TFFiery
利刀「钢叶」露台,暮色森林附属包 (Twilight Tsuki),red,twilighttsuki.tfblade.steeleaf,blade,TFSteeleaf
利刀「铁树」露台,暮色森林附属包 (Twilight Tsuki),red,twilighttsuki.tfblade.ironwood,blade,TFIronwood
利刀「铁骑」露台,暮色森林附属包 (Twilight Tsuki),red,twilighttsuki.tfblade.knightly,blade,TFKnightly
宝刀「霜冻」露台,暮色森林附属包 (Twilight Tsuki),red,twilighttsuki.tfblade.icey,blade,TFIcey
名刀「玻璃」露台,暮色森林附属包 (Twilight Tsuki),red,twilighttsuki.tfblade.glass,blade,TFGlass
血色木偶,仙剑阁 (Xian Jian Ge),red,flammpfeil.slashblade.xianjiange.inequablepuppet,xianjiange/HTOD'sword/yaoyan/model,xianjiange/HTOD'sword/yaoyan/texture
美工刀,仙剑阁 (Xian Jian Ge),red,flammpfeil.slashblade.xianjiange.meigongdao,xianjiange/HTOD'sword/meigongdao/model,xianjiange/HTOD'sword/meigongdao/texture
青云,仙剑阁 (Xian Jian Ge),red,flammpfeil.slashblade.xianjiange.qingyunsword,xianjiange/HTOD'sword/qingyun/model,xianjiange/HTOD'sword/qingyun/texture
水波折,仙剑阁 (Xian Jian Ge),red,flammpfeil.slashblade.xianjiange.shueibozhesword,xianjiange/HTOD'sword/shueibozhesword/model,xianjiange/HTOD'sword/shueibozhesword/texture
陨星杖,仙剑阁 (Xian Jian Ge),red,flammpfeil.slashblade.xianjiange.yunxingzhangsword,xianjiange/HTOD'sword/yunxingzhangsword/model,xianjiange/HTOD'sword/yunxingzhangsword/texture
轩辕剑,仙剑阁 (Xian Jian Ge),red,flammpfeil.slashblade.xianjiange.xuanyuansword,xianjiange/HTOD'sword/xuanyuan/model,xianjiange/HTOD'sword/xuanyuan/texture
黑刃,仙剑阁 (Xian Jian Ge),red,flammpfeil.slashblade.xianjiange.heirensword,xianjiange/HTOD'sword/heiren/model,xianjiange/HTOD'sword/heiren/texture
八卦剑,仙剑阁 (Xian Jian Ge),red,flammpfeil.slashblade.xianjiange.baguasword,xianjiange/HTOD'sword/bagua/model,xianjiange/HTOD'sword/bagua/texture
阴,仙剑阁 (Xian Jian Ge),red,flammpfeil.slashblade.xianjiange.yin,xianjiange/HTOD'sword/bagua/model,xianjiange/HTOD'sword/bagua/yin
阳,仙剑阁 (Xian Jian Ge),red,flammpfeil.slashblade.xianjiange.yang,xianjiange/HTOD'sword/bagua/model,xianjiange/HTOD'sword/bagua/yang
星流利刃,仙剑阁 (Xian Jian Ge),red,flammpfeil.slashblade.xianjiange.xinglioulirensword,xianjiange/HTOD'sword/xingliouliren/state/model,xianjiange/HTOD'sword/xingliouliren/state/texture
洞虚幻刃,仙剑阁 (Xian Jian Ge),red,flammpfeil.slashblade.xianjiange.voidswordsword,xianjiange/HTOD'sword/voidsword/model,xianjiange/HTOD'sword/voidsword/state/texture
锁狱镰,仙剑阁 (Xian Jian Ge),red,flammpfeil.slashblade.xianjiange.suoyuliansword,xianjiange/HTOD'sword/suoyulian/model,xianjiange/HTOD'sword/suoyulian/texture
静秘守卫,仙剑阁 (Xian Jian Ge),red,flammpfeil.slashblade.xianjiange.jingmisouweisword,xianjiange/HTOD'sword/jingmisouwei/model,xianjiange/HTOD'sword/jingmisouwei/texture
撼地巨锤,仙剑阁 (Xian Jian Ge),red,flammpfeil.slashblade.xianjiange.handichueisword,xianjiange/HTOD'sword/handichuei/model,xianjiange/HTOD'sword/handichuei/texture
秘,仙剑阁 (Xian Jian Ge),red,flammpfeil.slashblade.xianjiange.zuoyaosword,xianjiange/HTOD'sword/zuoyao/model,xianjiange/HTOD'sword/zuoyao/texture
擒苍,仙剑阁 (Xian Jian Ge),red,flammpfeil.slashblade.xianjiange.qingcangsword,xianjiange/HTOD'sword/qingcang/model,xianjiange/HTOD'sword/qingcang/texture
逐焰,仙剑阁 (Xian Jian Ge),red,flammpfeil.slashblade.xianjiange.zhuyansword,xianjiange/HTOD'sword/zhuyan/state/model,xianjiange/HTOD'sword/zhuyan/texture
勤忙,仙剑阁 (Xian Jian Ge),red,flammpfeil.slashblade.xianjiange.qinmangsword,xianjiange/HTOD'sword/qinmang/model,xianjiange/HTOD'sword/qinmang/texture
血月,仙剑阁 (Xian Jian Ge),red,flammpfeil.slashblade.xianjiange.xueyesword,xianjiange/HTOD'sword/xueye/model,xianjiange/HTOD'sword/xueye/texture
星典,仙剑阁 (Xian Jian Ge),red,flammpfeil.slashblade.xianjiange.xingdiansword,xianjiange/HTOD'sword/xingdian/model,xianjiange/HTOD'sword/xingdian/texture
激光剑,仙剑阁 (Xian Jian Ge),red,flammpfeil.slashblade.xianjiange.laserswordsword.state,xianjiange/HTOD'sword/lasersword/state1/model,xianjiange/HTOD'sword/lasersword/state1/textuer
激光剑,仙剑阁 (Xian Jian Ge),red,flammpfeil.slashblade.xianjiange.laserswordsword.state,xianjiange/HTOD'sword/lasersword/state2/model,xianjiange/HTOD'sword/lasersword/state2/textuer
激光剑,仙剑阁 (Xian Jian Ge),red,flammpfeil.slashblade.xianjiange.laserswordsword.state,xianjiange/HTOD'sword/lasersword/state3/model,xianjiange/HTOD'sword/lasersword/state3/textuer
锁魂,仙剑阁 (Xian Jian Ge),red,flammpfeil.slashblade.xianjiange.shuohunsword,xianjiange/HTOD'sword/shuohun/model,xianjiange/HTOD'sword/shuohun/texture
神陨剑,仙剑阁 (Xian Jian Ge),red,flammpfeil.slashblade.xianjiange.shenyunjiansword,xianjiange/HTOD'sword/shenyunjian/model,xianjiange/HTOD'sword/shenyunjian/texture
时之镰,仙剑阁 (Xian Jian Ge),red,flammpfeil.slashblade.xianjiange.shizhiliansword,xianjiange/HTOD'sword/shizhilian/model,xianjiange/HTOD'sword/shizhilian/texture
长空落日,仙剑阁 (Xian Jian Ge),red,flammpfeil.slashblade.xianjiange.changkongluorsword,xianjiange/HTOD'sword/changkongluor/model,xianjiange/HTOD'sword/changkongluor/texture
til的刀,仙剑阁 (Xian Jian Ge),red,flammpfeil.slashblade.xianjiange.htodsword,xianjiange/HTOD'sword/htod/model,xianjiange/HTOD'sword/htod/texture
HTOD的刀,仙剑阁 (Xian Jian Ge),red,flammpfeil.slashblade.xianjiange.xingkongsword,xianjiange/HTOD'sword/xingkong/model,xianjiange/HTOD'sword/xingkong/texture
XingKong的刀,仙剑阁 (Xian Jian Ge),red,flammpfeil.slashblade.xianjiange.tilsword,xianjiange/HTOD'sword/til/model,xianjiange/HTOD'sword/til/texture
白刃,仙剑阁 (Xian Jian Ge),red,flammpfeil.slashblade.xianjiange.bairensword,xianjiange/HTOD'sword/bairen/model,xianjiange/HTOD'sword/bairen/texture
血刃「栗山未来」,境界的彼方 (Kyokai NoKanata),red,kuriyamamirai,kyokainokanata/kuriyamamirai,kyokainokanata/kuriyamamirai
月光紫「虚无之影」,境界的彼方 (Kyokai NoKanata),red,etherealshadow,kyokainokanata/etherealshadow,kyokainokanata/etherealshadow
神钢刃「血腥革新」,更多电力装置 (More Electric Tools),red,flammpfeil.slashblade.named.bloodrev_extra,named/mrblade/advanced,named/mrblade/texture_blood
神钢刃「工艺复兴」,更多电力装置 (More Electric Tools),red,flammpfeil.slashblade.named.craftrev_extra,named/mrblade/advanced,named/mrblade/texture_craft
灵钢刃「技术革新」,更多电力装置 (More Electric Tools),red,flammpfeil.slashblade.named.mrblade_final,named/mrblade/advanced,named/mrblade/texture
灵钢刃「能量守恒」,更多电力装置 (More Electric Tools),red,flammpfeil.slashblade.named.kineticenergyblade_final,named/mrblade/advanced,named/mrblade/texture
钢刃「源初」,更多电力装置 (More Electric Tools),red,flammpfeil.slashblade.named.trblade_first,named/mrblade/basic,named/mrblade/trfirst
钢刃「纳米科技」,更多电力装置 (More Electric Tools),red,flammpfeil.slashblade.named.hyperblade_second,named/mrblade/basic,named/mrblade/hypersecond
钢刃「白狐」,更多电力装置 (More Electric Tools),red,flammpfeil.slashblade.named.electric_fox_white,named/sange/sange,named/sange/white
钢刃「黑狐」,更多电力装置 (More Electric Tools),red,flammpfeil.slashblade.named.electric_fox_black,named/sange/sange,named/sange/black
灵钢刃「仙狐」,更多电力装置 (More Electric Tools),red,flammpfeil.slashblade.named.fox_faerie,named/foxextra/model,named/foxextra/bladeFaerie
灵钢刃「灵狐」,更多电力装置 (More Electric Tools),red,flammpfeil.slashblade.named.fox_elf,named/foxextra/model,named/foxextra/bladeElf
夜魔,方舟拔刀 (Arknights Blade),red,flammpfeil.slashblade.named.gloria,named/blade,named/gloria/tietu
银灰,方舟拔刀 (Arknights Blade),red,flammpfeil.slashblade.named.silverash,named/blade,named/silverash/silverash
无魂剑「」,方舟拔刀 (Arknights Blade),red,flammpfeil.slashblade.named.nosoul,named/yasha/yasha,named/nosoul/yasha
白金,方舟拔刀 (Arknights Blade),red,flammpfeil.slashblade.named.platium,named/blade,
杀马人之刃,方舟拔刀 (Arknights Blade),red,flammpfeil.slashblade.named.nmsl,named/blade,named/NMSL/NMSL
拉普兰德,方舟拔刀 (Arknights Blade),red,flammpfeil.slashblade.named.lappland,named/lappland/lappblade,named/lappland/lappblade
拉普兰德「狼魂」,方舟拔刀 (Arknights Blade),red,flammpfeil.slashblade.named.lappland.wolfsoul,named/lappland/lappblade,named/lappland/lappblade
管理员之刃「伪物」,遗忘之刃 (Lost Blade),navy,flammpfeil.slashblade.named.administrator,named/administrator/administrator,named/administrator/administrator
名刀「物理学圣剑」,遗忘之刃 (Lost Blade),navy,flammpfeil.slashblade.named.wulixueshengjian,named/wulixueshengjian/wulixueshengjian,named/wulixueshengjian/wulixueshengjian
圣剑「银弹」,遗忘之刃 (Lost Blade),navy,flammpfeil.slashblade.named.yinsezidan,named/yinsezidan/yinsezidan,named/yinsezidan/yinsezidan
铭刀「鱼音」,遗忘之刃 (Lost Blade),navy,flammpfeil.slashblade.named.yuyin,named/yuyin/yuyin,named/yuyin/yuyin
铭刀「悭臾」,遗忘之刃 (Lost Blade),navy,flammpfeil.slashblade.named.qianyu,named/qianyu/qianyu,named/qianyu/qianyu
铭刀「蟾宫」,遗忘之刃 (Lost Blade),navy,flammpfeil.slashblade.named.changong,named/changong/changong,named/changong/changong
现世刀「斩月」,遗忘之刃 (Lost Blade),navy,flammpfeil.slashblade.named.zangetsu,named/zhanyue/zhanyue,named/zhanyue/zhanyue
星云剑「雾鸦」,星云剑 (Innominandum),navy,innominandum.blade.BladeNebula,innominandum/nebula/nebula,innominandum/nebula/nebula
星云剑「雾鸦」,星云剑 (Innominandum),navy,innominandum.blade.BladeNebula,innominandum/nebula/nebula,innominandum/nebula/nebula0
星云剑「雾鸦」,星云剑 (Innominandum),navy,innominandum.blade.BladeNebula,innominandum/nebula/nebula,innominandum/nebula/nebula1
星云剑「雾鸦」,星云剑 (Innominandum),navy,innominandum.blade.BladeNebula,innominandum/nebula/nebula,innominandum/nebula/nebula2
星云剑「雾鸦」,星云剑 (Innominandum),navy,innominandum.blade.BladeNebula,innominandum/nebula/nebula,innominandum/nebula/nebula3
星云剑「雾鸦」,星云剑 (Innominandum),navy,innominandum.blade.BladeNebula,innominandum/nebula/nebula,innominandum/nebula/nebula4
星云剑「雾鸦」,星云剑 (Innominandum),navy,innominandum.blade.BladeNebula,innominandum/nebula/nebula,innominandum/nebula/nebula5
星云剑「雾鸦」,星云剑 (Innominandum),navy,innominandum.blade.BladeNebula,innominandum/nebula/nebula,innominandum/nebula/nebula6
星云剑「雾鸦」,星云剑 (Innominandum),navy,innominandum.blade.BladeNebula,innominandum/nebula/nebula,innominandum/nebula/nebula7
星云剑「雾鸦」,星云剑 (Innominandum),navy,innominandum.blade.BladeNebula,innominandum/nebula/nebula,innominandum/nebula/nebula8
星云剑「雾鸦」,星云剑 (Innominandum),navy,innominandum.blade.BladeNebula,innominandum/nebula/nebula,innominandum/nebula/nebula9
星云剑「雾鸦」,星云剑 (Innominandum),navy,innominandum.blade.BladeNebula,innominandum/nebula/nebula,innominandum/nebula/nebula10
星云剑「雾鸦」,星云剑 (Innominandum),navy,innominandum.blade.BladeNebula,innominandum/nebula/nebula,innominandum/nebula/nebula11
星云剑「雾鸦」,星云剑 (Innominandum),navy,innominandum.blade.BladeNebula,innominandum/nebula/nebula,innominandum/nebula/nebula12
星云剑「雾鸦」,星云剑 (Innominandum),navy,innominandum.blade.BladeNebula,innominandum/nebula/nebula,innominandum/nebula/nebula13
星云剑「雾鸦」,星云剑 (Innominandum),navy,innominandum.blade.BladeNebula,innominandum/nebula/nebula,innominandum/nebula/nebula14
星云剑「雾鸦」,星云剑 (Innominandum),navy,innominandum.blade.BladeNebula,innominandum/nebula/nebula,innominandum/nebula/nebula15
星云剑「雾鸦」,星云剑 (Innominandum),navy,innominandum.blade.BladeNebula,innominandum/nebula/nebula,innominandum/nebula/nebula16
原罪「暴怒」,炼金重铸计划-七宗罪,navy,flammpfeil.slashblade.named.samael,named/samael/samael,named/samael/samael
原罪「贪婪」,炼金重铸计划-七宗罪,navy,flammpfeil.slashblade.named.mammon,named/mammon/mammon,named/mammon/mammon
原罪「傲慢」,炼金重铸计划-七宗罪,navy,flammpfeil.slashblade.named.lucifer,named/lucifer/lucifer,named/lucifer/lucifer
原罪「贪食」,炼金重铸计划-七宗罪,navy,flammpfeil.slashblade.named.beelzebub,named/beelzebub/beelzebub,named/beelzebub/beelzebub
原罪「嫉妒」,炼金重铸计划-七宗罪,navy,flammpfeil.slashblade.named.leviathan,named/leviathan/leviathan,named/leviathan/leviathan
原罪「懒惰」,炼金重铸计划-七宗罪,navy,flammpfeil.slashblade.named.belphegor,named/belphegor/belphegor,named/belphegor/belphegor
原罪「色欲」,炼金重铸计划-七宗罪,navy,flammpfeil.slashblade.named.asmodeus,named/asmodeus/asmodeus,named/asmodeus/asmodeus
原罪神「萨迈尔」,炼金重铸计划-七宗罪,navy,flammpfeil.slashblade.bladeex.samaelex,bladeex/samaelex/samaelex,bladeex/samaelex/samaelex
原罪神「玛门」,炼金重铸计划-七宗罪,navy,flammpfeil.slashblade.bladeex.mammonex,bladeex/mammonex/mammonex,bladeex/mammonex/mammonex
原罪神「路西法」,炼金重铸计划-七宗罪,navy,flammpfeil.slashblade.bladeex.luciferex,bladeex/luciferex/luciferex,bladeex/luciferex/luciferex
原罪神「别西卜」,炼金重铸计划-七宗罪,navy,flammpfeil.slashblade.bladeex.beelzebubex,bladeex/beelzebubex/beelzebubex,bladeex/beelzebubex/beelzebubex
原罪神「利维坦」,炼金重铸计划-七宗罪,navy,flammpfeil.slashblade.bladeex.leviathanex,bladeex/leviathanex/leviathanex,bladeex/leviathanex/leviathanex
原罪神「贝尔芬格」,炼金重铸计划-七宗罪,navy,flammpfeil.slashblade.bladeex.belphegorex,bladeex/belphegorex/belphegorex,bladeex/belphegorex/belphegorex
原罪神「阿斯莫德」,炼金重铸计划-七宗罪,navy,flammpfeil.slashblade.bladeex.asmodeusex,bladeex/asmodeusex/asmodeusex,bladeex/asmodeusex/asmodeusex
「恶」,炼金重铸计划-七宗罪,navy,flammpfeil.slashblade.unnamed.EvilBlade,unnamed/evil,unnamed/evil
「狱」,炼金重铸计划-七宗罪,navy,flammpfeil.slashblade.bladeex.EvilBladeex,bladeex/evilex/evilex,bladeex/evilex/evilex
狱刀「死念」赝,炼狱刀「血腥」 (Blood Blade),navy,flammpfeil.slashblade.named.bloodkatanat,named/bloodkatanat/model,named/bloodkatanat/texture
炼狱刀「血腥」,炼狱刀「血腥」 (Blood Blade),navy,flammpfeil.slashblade.named.bloodkatana,named/bloodkatana/model,named/bloodkatana/texture
白兰剑「君」,万物皆可为兵刃 (Allweapon),navy,flammpfeil.slashblade.named.bailan,blade,named/bailan/texture
白の契约,万物皆可为兵刃 (Allweapon),navy,flammpfeil.slashblade.named.baishiyue,named/baiqiyue/model,named/baiqiyue/texture
百兽剑王「巨狮」,万物皆可为兵刃 (Allweapon),navy,flammpfeil.slashblade.named.baishoujianwang,named/baishoujianwang/model,named/baishoujianwang/texture
白の约定,万物皆可为兵刃 (Allweapon),navy,flammpfeil.slashblade.named.baiyueding,named/baiyueding/model,named/baiyueding/texture
夜空之剑「阐释者」,万物皆可为兵刃 (Allweapon),navy,flammpfeil.slashblade.named.chanshizhe,named/chanshizhe/model,named/chanshizhe/texture
奉神刀「鹿」,万物皆可为兵刃 (Allweapon),navy,flammpfeil.slashblade.named.fengshen,named/fengshen/model,named/fengshen/texture
不可视之刃「风之影」 ・ 风,万物皆可为兵刃 (Allweapon),navy,flammpfeil.slashblade.named.fengzhiying,named/fengzhiying/model,named/fengzhiying/texture
光剑「监视者」,万物皆可为兵刃 (Allweapon),navy,flammpfeil.slashblade.named.guangjian,named/guangjian/model,named/guangjian/texture
花之妖精「弥葵」 ・ 花,万物皆可为兵刃 (Allweapon),navy,flammpfeil.slashblade.named.huami,named/huami/model,named/huami/texture
花天狂骨「花天」,万物皆可为兵刃 (Allweapon),navy,flammpfeil.slashblade.named.htkg,named/htkg/model,named/htkg/texture
灾厄之源「劫」,万物皆可为兵刃 (Allweapon),navy,flammpfeil.slashblade.named.jie,named/jie/model,named/jie/texture
炎极必寒「极意」,万物皆可为兵刃 (Allweapon),navy,flammpfeil.slashblade.named.jiyi,named/jiyi/model,named/jiyi/texture
炎王「流刃若火」,万物皆可为兵刃 (Allweapon),navy,flammpfeil.slashblade.named.lrrh,named/lrrh/model,named/lrrh/texture
生机「绿萝」,万物皆可为兵刃 (Allweapon),navy,flammpfeil.slashblade.named.lvluo,named/lvluo/model,named/lvluo/texture
森森幽罗「青鬼」,万物皆可为兵刃 (Allweapon),navy,flammpfeil.slashblade.named.qinggui,named/qinggui/model,named/qinggui/texture
狗年专属「啸月」,万物皆可为兵刃 (Allweapon),navy,flammpfeil.slashblade.named.xiaoyue,named/xiaoyue/model,named/xiaoyue/texture
极寒刃「雪走」 ・ 雪,万物皆可为兵刃 (Allweapon),navy,flammpfeil.slashblade.named.xuezou,named/xuezou/model,named/xuezou/texture
欺骗者「影月」 ・ 月,万物皆可为兵刃 (Allweapon),navy,flammpfeil.slashblade.named.yingyue,named/yingyue/model,named/yingyue/texture
死神「幽之名」,万物皆可为兵刃 (Allweapon),navy,flammpfeil.slashblade.named.youming,named/youming/model,named/youming/texture
白「天锁斩月」,万物皆可为兵刃 (Allweapon),navy,flammpfeil.slashblade.named.zhanyue,named/zhanyue/model,named/zhanyue/texture
31工-「紫龙息」,魔法金属 (Mana Metal),navy,Cobalt,blade,slash/Cobalt
31工-「钯」,魔法金属 (Mana Metal),navy,Palladium,blade,slash/Palladium
工-「魔钢刃」,魔法金属 (Mana Metal),navy,ManaS,blade,slash/ManaS
工-「晓」,魔法金属 (Mana Metal),navy,RuneSteel,blade,slash/RuneSteel
工-「古一眉」,魔法金属 (Mana Metal),navy,AncientThulium,blade,slash/AncientThulium
黑快刀-「帝心」,魔法金属 (Mana Metal),navy,Bedrock,named/agito,slash/Bedrock
黑快刀-「银刃」,魔法金属 (Mana Metal),navy,Dark,named/agito,slash/Dark
幽狂-「赤浴血」,魔法金属 (Mana Metal),navy,BloodMetal,named/agito,slash/BloodMetal
炎王-「火红莲」,魔法金属 (Mana Metal),navy,Crimson,named/agito,slash/Crimson
宙雷大刀-「绿夜」,魔法金属 (Mana Metal),navy,Endless,named/sange/sange,slash/Endless
质太刀-「舞纵」,魔法金属 (Mana Metal),navy,NeutronEnergy,named/sange/sange,slash/NeutronEnergy
宇界起源-「翱」,魔法金属 (Mana Metal),navy,UniverseEnergy,named/sange/sange,slash/UniverseEnergy
「村雨」壹,炫彩之刃 (Bright Blade),navy,flammpfeil.slashblade.named.newyear,named/kevinwalker/dragonsword,named/kevinwalker/newyear
「村雨」贰,炫彩之刃 (Bright Blade),navy,flammpfeil.slashblade.named.dragonsword,named/kevinwalker/dragonsword,named/kevinwalker/dragonsword
「村雨」叁,炫彩之刃 (Bright Blade),navy,flammpfeil.slashblade.named.aurora,named/kevinwalker/dragonsword,named/kevinwalker/aurora
「暗鸦」壹,炫彩之刃 (Bright Blade),navy,flammpfeil.slashblade.named.anya,named/kevinwalker/anya,named/kevinwalker/anya1
「暗鸦」贰,炫彩之刃 (Bright Blade),navy,flammpfeil.slashblade.named.anya,named/kevinwalker/anya,named/kevinwalker/anya2
「暗鸦」叁,炫彩之刃 (Bright Blade),navy,flammpfeil.slashblade.named.anya,named/kevinwalker/anya,named/kevinwalker/anya3
「暗鸦」肆,炫彩之刃 (Bright Blade),navy,flammpfeil.slashblade.named.anya,named/kevinwalker/anya,named/kevinwalker/anya4
「暗鸦」伍,炫彩之刃 (Bright Blade),navy,flammpfeil.slashblade.named.anya,named/kevinwalker/anya,named/kevinwalker/anya5
「暗鸦」陆,炫彩之刃 (Bright Blade),navy,flammpfeil.slashblade.named.anya,named/kevinwalker/anya,named/kevinwalker/anya6
「暗鸦」柒,炫彩之刃 (Bright Blade),navy,flammpfeil.slashblade.named.anya,named/kevinwalker/anya,named/kevinwalker/anya7
冻樱刃「雪花苍月」壹,炫彩之刃 (Bright Blade),navy,flammpfeil.slashblade.named.dongying,named/kevinwalker/dongying,named/kevinwalker/dongying1
冻樱刃「雪花苍月」贰,炫彩之刃 (Bright Blade),navy,flammpfeil.slashblade.named.dongying,named/kevinwalker/dongying,named/kevinwalker/dongying2
冻樱刃「雪花苍月」叁,炫彩之刃 (Bright Blade),navy,flammpfeil.slashblade.named.dongying,named/kevinwalker/dongying,named/kevinwalker/dongying3
「荧光」壹,炫彩之刃 (Bright Blade),navy,flammpfeil.slashblade.named.yingguang,named/kevinwalker/yingguang,named/kevinwalker/yingguang1
「荧光」贰,炫彩之刃 (Bright Blade),navy,flammpfeil.slashblade.named.yingguang,named/kevinwalker/yingguang,named/kevinwalker/yingguang2
结月刀「付丧」壹,炫彩之刃 (Bright Blade),navy,flammpfeil.slashblade.named.jieyue,named/kevinwalker/jieyue,named/kevinwalker/jieyue1
结月刀「付丧」贰,炫彩之刃 (Bright Blade),navy,flammpfeil.slashblade.named.jieyue,named/kevinwalker/jieyue,named/kevinwalker/jieyue2
结月刀「付丧」叁,炫彩之刃 (Bright Blade),navy,flammpfeil.slashblade.named.jieyue,named/kevinwalker/jieyue,named/kevinwalker/jieyue3
结月刀「付丧」肆,炫彩之刃 (Bright Blade),navy,flammpfeil.slashblade.named.jieyue,named/kevinwalker/jieyue,named/kevinwalker/jieyue4
「剑圣之刃」壹,炫彩之刃 (Bright Blade),navy,flammpfeil.slashblade.named.jiansheng,named/kevinwalker/jiansheng,named/kevinwalker/jiansheng1
「剑圣之刃」贰,炫彩之刃 (Bright Blade),navy,flammpfeil.slashblade.named.jiansheng,named/kevinwalker/jiansheng,named/kevinwalker/jiansheng2
「剑圣之刃」叁,炫彩之刃 (Bright Blade),navy,flammpfeil.slashblade.named.jiansheng,named/kevinwalker/jiansheng,named/kevinwalker/jiansheng3
「剑圣之刃」肆,炫彩之刃 (Bright Blade),navy,flammpfeil.slashblade.named.jiansheng,named/kevinwalker/jiansheng,named/kevinwalker/jiansheng4
「剑圣之刃」伍,炫彩之刃 (Bright Blade),navy,flammpfeil.slashblade.named.jiansheng,named/kevinwalker/jiansheng,named/kevinwalker/jiansheng5
「剑圣之刃」陆,炫彩之刃 (Bright Blade),navy,flammpfeil.slashblade.named.jiansheng,named/kevinwalker/jiansheng,named/kevinwalker/jiansheng6
「剑圣之刃」柒,炫彩之刃 (Bright Blade),navy,flammpfeil.slashblade.named.jiansheng,named/kevinwalker/jiansheng,named/kevinwalker/jiansheng7
「剑圣之刃」捌,炫彩之刃 (Bright Blade),navy,flammpfeil.slashblade.named.jiansheng,named/kevinwalker/jiansheng,named/kevinwalker/jiansheng8
「剑圣之刃」玖,炫彩之刃 (Bright Blade),navy,flammpfeil.slashblade.named.jiansheng,named/kevinwalker/jiansheng,named/kevinwalker/jiansheng9
「剑圣之刃」拾,炫彩之刃 (Bright Blade),navy,flammpfeil.slashblade.named.jiansheng,named/kevinwalker/jiansheng,named/kevinwalker/jiansheng10
「剑圣之刃」拾壹,炫彩之刃 (Bright Blade),navy,flammpfeil.slashblade.named.jiansheng,named/kevinwalker/jiansheng,named/kevinwalker/jiansheng11
「剑圣之刃」拾贰,炫彩之刃 (Bright Blade),navy,flammpfeil.slashblade.named.jiansheng,named/kevinwalker/jiansheng,named/kevinwalker/jiansheng12
「剑圣之刃」拾叁,炫彩之刃 (Bright Blade),navy,flammpfeil.slashblade.named.jiansheng,named/kevinwalker/jiansheng,named/kevinwalker/jiansheng13
明兽刃「阳牙冰狼」壹,炫彩之刃 (Bright Blade),navy,flammpfeil.slashblade.named.binglang,named/kevinwalker/binglang,named/kevinwalker/binglang1
明兽刃「阳牙冰狼」贰,炫彩之刃 (Bright Blade),navy,flammpfeil.slashblade.named.binglang,named/kevinwalker/binglang,named/kevinwalker/binglang2
明兽刃「阳牙冰狼」叁,炫彩之刃 (Bright Blade),navy,flammpfeil.slashblade.named.binglang,named/kevinwalker/binglang,named/kevinwalker/binglang3
「千鹤」壹,炫彩之刃 (Bright Blade),navy,flammpfeil.slashblade.named.qianhe,named/kevinwalker/qianhe,named/kevinwalker/qianhe1
「千鹤」贰,炫彩之刃 (Bright Blade),navy,flammpfeil.slashblade.named.qianhe,named/kevinwalker/qianhe,named/kevinwalker/qianhe2
「千鹤」叁,炫彩之刃 (Bright Blade),navy,flammpfeil.slashblade.named.qianhe,named/kevinwalker/qianhe,named/kevinwalker/qianhe3
「千鹤」肆,炫彩之刃 (Bright Blade),navy,flammpfeil.slashblade.named.qianhe,named/kevinwalker/qianhe,named/kevinwalker/qianhe4
「黑刃」,伪刃 (Pseudo Edge),navy,flammpfeil.slashblade.named.blackblade,named/sword/sword,named/sword/pseudosword
「白刃」,伪刃 (Pseudo Edge),navy,flammpfeil.slashblade.named.whitenblade,named/sword/sword,named/sword/whitensword
「魔刃」,伪刃 (Pseudo Edge),navy,flammpfeil.slashblade.named.magicblade,named/magicblade/magicblade,named/magicblade/magicblade
「命刃」,伪刃 (Pseudo Edge),navy,flammpfeil.slashblade.named.latent,named/latent/latent,named/latent/latent
「隐月 ・ 刃」,伪刃 (Pseudo Edge),navy,flammpfeil.slashblade.named.xblades,named/xblades/xblades,named/xblades/xblades
龙刃「猩红」,伪刃 (Pseudo Edge),navy,flammpfeil.slashblade.named.dragonblade,named/dragonblade/dragonblade,named/dragonblade/dragonblade
紫刃「虚」,伪刃 (Pseudo Edge),navy,flammpfeil.slashblade.named.purpleblade,named/purplesblade/purplesblade,named/purplesblade/purplesblade
次元之刃「伪」,伪刃 (Pseudo Edge),navy,flammpfeil.slashblade.named.dimension,named/dimension/dimension,named/dimension/dimension
山樱「伪」,伪刃 (Pseudo Edge),navy,flammpfeil.slashblade.named.kumasakura,named/kumasakura/kumasakura,named/kumasakura/kumasakura
荆棘之刃「虚」,伪刃 (Pseudo Edge),navy,flammpfeil.slashblade.named.vitex,named/vitex/vitex,named/vitex/vitex
异界剑魂「」,伪刃 (Pseudo Edge),navy,flammpfeil.slashblade.named.soulb,named/latent/latent,named/latent/latent
虚无之刃「」,伪刃 (Pseudo Edge),navy,flammpfeil.slashblade.named.emptyblade,named/emptyblade/emptyblade,named/emptyblade/emptyblade
「灭」,伪刃 (Pseudo Edge),navy,flammpfeil.slashblade.named.kingblade,named/kingblade/kingblade,named/kingblade/kingblade
钻石剑「」,伪刃 (Pseudo Edge),navy,flammpfeil.slashblade.named.blade,named/blade/blade,named/blade/blade1
铁剑「」,伪刃 (Pseudo Edge),navy,flammpfeil.slashblade.named.blade,named/blade/blade,named/blade/blade2
石剑「」,伪刃 (Pseudo Edge),navy,flammpfeil.slashblade.named.blade,named/blade/blade,named/blade/blade3
「黑瞳」,伪刃 (Pseudo Edge),navy,flammpfeil.slashblade.named.heitong,named/sange/sange,named/heitong/heitong
龙一「黑色守望」,龙一文字 (RyuIchimonji),navy,flammpfeil.slashblade.named.blackwatch,named/splight/blackwatch/model,named/splight/blackwatch/texture
龙一「文字」,龙一文字 (RyuIchimonji),navy,flammpfeil.slashblade.named.splight,named/sange/sange,named/splight/splight
真 ・ 龙一「文字」,龙一文字 (RyuIchimonji),navy,flammpfeil.slashblade.named.origin,named/splight/origin/model,named/splight/origin/texture
龙一「战队超人」,龙一文字 (RyuIchimonji),navy,flammpfeil.slashblade.named.senta,named/splight/senta/model,named/splight/senta/texture
龙一「麻雀」,龙一文字 (RyuIchimonji),navy,flammpfeil.slashblade.named.young,named/splight/young/model,named/splight/young/texture_g
龙一「青年」,龙一文字 (RyuIchimonji),navy,flammpfeil.slashblade.named.young,named/splight/young/model,named/splight/young/texture_o
「不正经」冰之剑_火箭形,不正经的剑 (No Decent),navy,flammpfeil.slashblade.named.ND,named/ND/ND,named/ND/ND
「不正经」火之剑_火箭形,不正经的剑 (No Decent),navy,flammpfeil.slashblade.named.ND,named/ND/ND,named/ND/ND
「不正经」冰之剑_锋利形,不正经的剑 (No Decent),navy,flammpfeil.slashblade.named.ND,named/ND/ND,named/ND/ND
「不正经」火之剑_锋利形,不正经的剑 (No Decent),navy,flammpfeil.slashblade.named.ND,named/ND/ND,named/ND/ND
「不正经 ・ 觉醒」虚无剑,不正经的剑 (No Decent),navy,flammpfeil.slashblade.named.ND,named/ND/ND,named/ND/ND
「不正经 ・ 淘汰」村姑,不正经的剑 (No Decent),navy,flammpfeil.slashblade.named.ND,named/ND/ND,named/ND/ND
「不正经 ・ 淘汰」电棍,不正经的剑 (No Decent),navy,flammpfeil.slashblade.named.ND,named/ND/ND,named/ND/ND
塔耳塔洛斯「狱渊之锁」,尼格洛兹 (Negore Rouse),navy,flammpfeil.slashblade.named.tartarus,named/negorerouse/tartarus,named/negorerouse/tartarus
卡俄斯「溟魍蛳蟆,尼格洛兹 (Negore Rouse),navy,flammpfeil.slashblade.named.chaos,named/negorerouse/chaos,named/negorerouse/chaos
安托则斯「冥光万法」,尼格洛兹 (Negore Rouse),navy,flammpfeil.slashblade.named.antauge,named/negorerouse/antauge,named/negorerouse/antauge
德雷格兰「圣契」,尼格洛兹 (Negore Rouse),navy,flammpfeil.slashblade.named.deligun,named/negorerouse/deligun,named/negorerouse/deligun
阿尔忒弥斯「耀月」,尼格洛兹 (Negore Rouse),navy,flammpfeil.slashblade.named.artemiss,named/negorerouse/artemiss,named/negorerouse/artemiss
聚变之星 ・ 倪克斯「辰宿瞬变」,尼格洛兹 (Negore Rouse),navy,flammpfeil.slashblade.named.nyx,named/negorerouse/nyx,named/negorerouse/nyx
宿命行星 ・ 阿南刻「天数裁定」,尼格洛兹 (Negore Rouse),navy,flammpfeil.slashblade.named.ananke,named/negorerouse/nyx,named/negorerouse/ananke
柯罗诺斯「始源之枪」,尼格洛兹 (Negore Rouse),navy,flammpfeil.slashblade.named.chronossy,named/negorerouse/chronossy,named/negorerouse/chronossy
柯罗诺斯「万古琨」,尼格洛兹 (Negore Rouse),navy,flammpfeil.slashblade.named.aeon,named/negorerouse/aeon,named/negorerouse/aeon
钢枪「云破」,万刀背叛 (BladeAnti),navy,flammpfeil.slashblade.named.B,named/BladeAnti/ChangQiang,named/BladeAnti/ChangQiang
青瓷「伞」,万刀背叛 (BladeAnti),navy,flammpfeil.slashblade.named.B,named/BladeAnti/San,named/BladeAnti/San
巴鲁蒙格「胧」,巴鲁蒙格 (Balmung),navy,flammpfeil.slashblade.named.balmung,named/dios/dios,named/dios/balumg
元素刀,元素时代 (Element Times),red,flammpfeil.slashblade.named.silverash.unelitism,named/blade,named/silverash/silverash
元素刀「金」,元素时代 (Element Times),navy,elementknife,elementtimes/土的刀,elementtimes/土的刀
元素刀「木」,元素时代 (Element Times),navy,elementknife,elementtimes/木的刀,elementtimes/木的刀
元素刀「水」,元素时代 (Element Times),navy,elementknife,elementtimes/水的刀,elementtimes/水的刀
元素刀「火」,元素时代 (Element Times),navy,elementknife,elementtimes/火的刀,elementtimes/火的刀
元素刀「土」,元素时代 (Element Times),navy,elementknife,elementtimes/金的刀,elementtimes/金的刀
带鞘太刀,最后的太刀匠人 (The Last Smith),navy,flammpfeil.slashblade.named.sweapon,named/sweapon/model,named/sweapon/texture
拔刀剑,最后的太刀匠人 (The Last Smith),navy,flammpfeil.slashblade.named.slashblade_old,named/slashblade/1,named/slashblade/1
无铭「打刀」,最后的太刀匠人 (The Last Smith),navy,,,
模造刀「无魂」,最后的太刀匠人 (The Last Smith),navy,flammpfeil.slashblade.model_Blade,blade,model/unnamed/texture_model
模造刀「武兴」,最后的太刀匠人 (The Last Smith),navy,flammpfeil.slashblade.model_Blade_1,blade,model/unnamed/texture_model_1
无铭刀「简装」,最后的太刀匠人 (The Last Smith),navy,flammpfeil.slashblade.named.namedblade_basic,named/oldtime/soda,named/oldtime/2
古刀「乌鸟」,最后的太刀匠人 (The Last Smith),,flammpfeil.slashblade.named.birdblade,named/bird/model,named/bird/1
名刀「尚义」,最后的太刀匠人 (The Last Smith),navy,flammpfeil.slashblade.named.namedblade,named/famous/1,named/famous/7
名刀「山城」,最后的太刀匠人 (The Last Smith),navy,flammpfeil.slashblade.named.namedblade1,named/famous/1,named/famous/1
名刀「江户」,最后的太刀匠人 (The Last Smith),navy,flammpfeil.slashblade.named.namedblade2,named/famous/1,named/famous/2
名刀「山上」,最后的太刀匠人 (The Last Smith),navy,flammpfeil.slashblade.named.namedblade3,named/famous/1,named/famous/3
名刀「浓州」,最后的太刀匠人 (The Last Smith),navy,flammpfeil.slashblade.named.namedblade4,named/famous/1,named/famous/4
自铭「起源」,最后的太刀匠人 (The Last Smith),navy,flammpfeil.slashblade.unnamedBlade,blade,model/unnamed/texture
自铭「腰刀」,最后的太刀匠人 (The Last Smith),navy,,,
自铭「止步」,最后的太刀匠人 (The Last Smith),navy,flammpfeil.slashblade.named.smith_1,named/muramasa/muramasa,named/smith/smith_0
自铭「迷途」,最后的太刀匠人 (The Last Smith),navy,flammpfeil.slashblade.named.smith_2,named/muramasa/muramasa,named/smith/smith_1
自铭「平凡」,最后的太刀匠人 (The Last Smith),navy,flammpfeil.slashblade.named.smith_3,named/muramasa/muramasa,named/smith/smith_2
自铭「切裂」,最后的太刀匠人 (The Last Smith),,flammpfeil.slashblade.named.smithblade_basic_colored,named/famous/1,named/heartwork/color1
自铭「妖」,最后的太刀匠人 (The Last Smith),,flammpfeil.slashblade.named.smithblade_bewitched_colored,named/famous/1,named/heartwork/color5
自铭「御敌」,最后的太刀匠人 (The Last Smith),,flammpfeil.slashblade.named.smith_knife_2,named/smith/model_knife,named/smith/texture_knife_2
自铭「白露」,最后的太刀匠人 (The Last Smith),,flammpfeil.slashblade.named.smith_knife_1,named/smith/model_knife,named/smith/texture_knife_1
自铭「白鞘」,最后的太刀匠人 (The Last Smith),,flammpfeil.slashblade.named.smithblade_basic,named/oldtime/soda,named/heartwork/2
自铭「短刀」,最后的太刀匠人 (The Last Smith),,flammpfeil.slashblade.named.smith_knife,named/smith/model_knife,named/smith/texture_knife
妖刀「孤独」,最后的太刀匠人 (The Last Smith),navy,,,
直刀「忍者」,最后的太刀匠人 (The Last Smith),navy,,,
无铭「虚无」,最后的太刀匠人 (The Last Smith),navy,flammpfeil.slashblade.named.void_blade,named/sange/sange,named/void
无铭「天狗作」,最后的太刀匠人 (The Last Smith),,flammpfeil.slashblade.named.birdblade_2,named/famous/1,named/bird/432
名刀「金纸竹光」,最后的太刀匠人 (The Last Smith),navy,flammpfeil.slashblade.named.silverbamboolight_gold,named/yamato,named/silverbamboolight/silverbamboo_gold
杰克的武士刀,最后的太刀匠人 (The Last Smith),navy,wrap.cwm.SamuriJack,blade,named/ExparmoryBlade/CWMSamuriJack
古老的锈刀,最后的太刀匠人 (The Last Smith),navy,,,
幻刃「灵物」露台,最后的太刀匠人 (The Last Smith),navy,wrap.exparmory.katana.manasteel,blade,named/ExparmoryBlade/ExparmoryManasteel
利刃「斩铁」露台,最后的太刀匠人 (The Last Smith),navy,wrap.exparmory.katana.steel,blade,named/ExparmoryBlade/ExparmorySteel
幻刃「虚无」露台,最后的太刀匠人 (The Last Smith),navy,wrap.exparmory.katana.void,blade,named/ExparmoryBlade/ExparmoryVoid
幻刃「玄绮」露台,最后的太刀匠人 (The Last Smith),navy,wrap.exparmory.katana.thaumium,blade,named/ExparmoryBlade/ExparmoryThaumium
「碎玉」露台,最后的太刀匠人 (The Last Smith),navy,wrap.exparmory.katana.onyx,blade,named/ExparmoryBlade/ExparmoryOnyx
「断钢」露台,最后的太刀匠人 (The Last Smith),navy,wrap.exparmory.katana.adamantium,blade,named/ExparmoryBlade/ExparmoryAdamantium
「岫岩」露台,最后的太刀匠人 (The Last Smith),navy,wrap.exparmory.katana.quartz,blade,named/ExparmoryBlade/ExparmoryQuartz
「科幻」露台,最后的太刀匠人 (The Last Smith),navy,wrap.exparmory.katana.certus,blade,named/ExparmoryBlade/ExparmoryCertus
大刃「弦锷」露台,最后的太刀匠人 (The Last Smith),navy,wrap.exparmory.katana.bronze,blade,named/ExparmoryBlade/ExparmoryBronze
赝刀「山吹」露台,最后的太刀匠人 (The Last Smith),navy,wrap.exparmory.katana.gildediron,blade,named/ExparmoryBlade/ExparmoryGildediron
「伪金」露台,最后的太刀匠人 (The Last Smith),navy,wrap.exparmory.katana.brass,blade,named/ExparmoryBlade/ExparmoryBrass
太刀「凰雉」露台,最后的太刀匠人 (The Last Smith),navy,wrap.exparmory.katana.malachite,blade,named/ExparmoryBlade/ExparmoryMalachite
太刀「余烬」露台,最后的太刀匠人 (The Last Smith),navy,wrap.exparmory.katana.ashstone,blade,named/ExparmoryBlade/ExparmoryAshstone
太刀「龙熙」露台,最后的太刀匠人 (The Last Smith),navy,wrap.exparmory.katana.dragonstone,blade,named/ExparmoryBlade/ExparmoryDragonston
太刀「赛菲」露台,最后的太刀匠人 (The Last Smith),navy,wrap.exparmory.katana.argonite,blade,named/ExparmoryBlade/ExparmoryArgonite
大名「鍪银」露台,最后的太刀匠人 (The Last Smith),navy,wrap.exparmory.katana.thyrium,blade,named/ExparmoryBlade/ExparmoryThyrium
大名「逆银」露台,最后的太刀匠人 (The Last Smith),navy,wrap.exparmory.katana.sinisite,blade,named/ExparmoryBlade/ExparmorySinisite
异次元「管理者之刃」,,navy,flammpfeil.slashblade.named.yiciyuan,named/yiciyuan/model,named/yiciyuan/texture
宇宙最强之刃「万物终结 ・ 无尽星空」,,navy,flammpfeil.slashblade.named.stredgeuniverse,named/stredgeuniverse/model,named/stredgeuniverse/texture
棘羽「毕方」,毕方 (Bird Blade),navy,flammpfeil.slashblade.named.bifang,named/bifang/model,named/bifang/texture
狐月刀「仙狐」,狐月刀改 (FoxBlade Extra),purple,flammpfeil.slashblade.named.foxex,named/foxex/model,named/foxex/texture
狐月刀「灵狐」,狐月刀改 (FoxBlade Extra),purple,flammpfeil.slashblade.named.foxex2,named/foxex/model,named/foxex/texture2
灵刃「狐月刀」,狐月刀改 (FoxBlade Extra),purple,flammpfeil.slashblade.named.foxfinal,named/foxex/model2,named/foxex/texture3
寒鸦「死亡圣器」,[M.R]寒鸦,purple,mistraven.blade.MistravenBlade,Mistraven/Mistraven,Mistraven/Mistraven
